"name";"cca2";"cca3";"currency";"callingCode";"languages";"latlng"
"Aruba,Aruba,Aruba,Aruba,Aruba,Aruba";"AW";"ABW";"AWG";"297";"Dutch,Papiamento";"12.5,-69.96666666"
"Afghanistan,Islamic Republic of Afghanistan,جمهوری اسلامی افغانستان,افغانستان,د افغانستان اسلامي جمهوریت,افغانستان,Owganystan Yslam Respublikasy,Owganystan";"AF";"AFG";"AFN";"93";"Dari,Pashto,Turkmen";"33,65"
"Angola,Republic of Angola,República de Angola,Angola";"AO";"AGO";"AOA";"244";"Portuguese";"-12.5,18.5"
"Anguilla,Anguilla,Anguilla,Anguilla";"AI";"AIA";"XCD";"1264";"English";"18.25,-63.16666666"
"Åland Islands,Åland Islands,Landskapet Åland,Åland";"AX";"ALA";"EUR";"358";"Swedish";"60.116667,19.9"
"Albania,Republic of Albania,Republika e Shqipërisë,Shqipëria";"AL";"ALB";"ALL";"355";"Albanian";"41,20"
"Andorra,Principality of Andorra,Principat d'Andorra,Andorra";"AD";"AND";"EUR";"376";"Catalan";"42.5,1.5"
"United Arab Emirates,United Arab Emirates,الإمارات العربية المتحدة,دولة الإمارات العربية المتحدة";"AE";"ARE";"AED";"971";"Arabic";"24,54"
"Argentina,Argentine Republic,Argentine Republic,Argentina,República Argentina,Argentina";"AR";"ARG";"ARS";"54";"Guaraní,Spanish";"-34,-64"
"Armenia,Republic of Armenia,Հայաստանի Հանրապետություն,Հայաստան,Республика Армения,Армения";"AM";"ARM";"AMD";"374";"Armenian,Russian";"40,45"
"American Samoa,American Samoa,American Samoa,American Samoa,Sāmoa Amelika,Sāmoa Amelika";"AS";"ASM";"USD";"1684";"English,Samoan";"-14.33333333,-170"
"Antarctica,Antarctica,";"AQ";"ATA";"";"";"";"-90,0"
"French Southern and Antarctic Lands,Territory of the French Southern and Antarctic Lands,Territoire des Terres australes et antarctiques françaises,Terres australes et antarctiques françaises";"TF";"ATF";"EUR";"";"French";"-49.25,69.167"
"Antigua and Barbuda,Antigua and Barbuda,Antigua and Barbuda,Antigua and Barbuda";"AG";"ATG";"XCD";"1268";"English";"17.05,-61.8"
"Australia,Commonwealth of Australia,Commonwealth of Australia,Australia";"AU";"AUS";"AUD";"61";"English";"-27,133"
"Austria,Republic of Austria,Republik Österreich,Österreich";"AT";"AUT";"EUR";"43";"Austro-Bavarian German";"47.33333333,13.33333333"
"Azerbaijan,Republic of Azerbaijan,Azərbaycan Respublikası,Azərbaycan,Азербайджанская Республика,Азербайджан";"AZ";"AZE";"AZN";"994";"Azerbaijani,Russian";"40.5,47.5"
"Burundi,Republic of Burundi,République du Burundi,Burundi,Republika y'Uburundi ,Uburundi";"BI";"BDI";"BIF";"257";"French,Kirundi";"-3.5,30"
"Belgium,Kingdom of Belgium,Königreich Belgien,Belgien,Royaume de Belgique,Belgique,Koninkrijk België,België";"BE";"BEL";"EUR";"32";"German,French,Dutch";"50.83333333,4"
"Benin,Republic of Benin,République du Bénin,Bénin";"BJ";"BEN";"XOF";"229";"French";"9.5,2.25"
"Burkina Faso,Burkina Faso,République du Burkina,Burkina Faso";"BF";"BFA";"XOF";"226";"French";"13,-2"
"Bangladesh,People's Republic of Bangladesh,বাংলাদেশ গণপ্রজাতন্ত্রী,বাংলাদেশ";"BD";"BGD";"BDT";"880";"Bengali";"24,90"
"Bulgaria,Republic of Bulgaria,Република България,България";"BG";"BGR";"BGN";"359";"Bulgarian";"43,25"
"Bahrain,Kingdom of Bahrain,مملكة البحرين,‏البحرين";"BH";"BHR";"BHD";"973";"Arabic";"26,50.55"
"Bahamas,Commonwealth of the Bahamas,Commonwealth of the Bahamas,Bahamas";"BS";"BHS";"BSD";"1242";"English";"24.25,-76"
"Bosnia and Herzegovina,Bosnia and Herzegovina,Bosna i Hercegovina,Bosna i Hercegovina,Bosna i Hercegovina,Bosna i Hercegovina,Боснa и Херцеговина,Боснa и Херцеговина";"BA";"BIH";"BAM";"387";"Bosnian,Croatian,Serbian";"44,18"
"Saint Barthélemy,Collectivity of Saint Barthélemy,Collectivité de Saint-Barthélemy,Saint-Barthélemy";"BL";"BLM";"EUR";"590";"French";"18.5,-63.41666666"
"Belarus,Republic of Belarus,Рэспубліка Беларусь,Белару́сь,Республика Беларусь,Беларусь";"BY";"BLR";"BYN";"375";"Belarusian,Russian";"53,28"
"Belize,Belize,Belize,Belize,Belize,Belize,Belice,Belice";"BZ";"BLZ";"BZD";"501";"Belizean Creole,English,Spanish";"17.25,-88.75"
"Bermuda,Bermuda,Bermuda,Bermuda";"BM";"BMU";"BMD";"1441";"English";"32.33333333,-64.75"
"Bolivia,Plurinational State of Bolivia,Wuliwya Suyu,Wuliwya,Tetã Volívia,Volívia,Buliwya Mamallaqta,Buliwya,Estado Plurinacional de Bolivia,Bolivia";"BO";"BOL";"BOB,BOV";"591";"Aymara,Guaraní,Quechua,Spanish";"-17,-65"
"Brazil,Federative Republic of Brazil,República Federativa do Brasil,Brasil";"BR";"BRA";"BRL";"55";"Portuguese";"-10,-55"
"Barbados,Barbados,Barbados,Barbados";"BB";"BRB";"BBD";"1246";"English";"13.16666666,-59.53333333"
"Brunei,Nation of Brunei, Abode of Peace,Nation of Brunei, Abode Damai,Negara Brunei Darussalam";"BN";"BRN";"BND";"673";"Malay";"4.5,114.66666666"
"Bhutan,Kingdom of Bhutan,འབྲུག་རྒྱལ་ཁབ་,འབྲུག་ཡུལ་";"BT";"BTN";"BTN,INR";"975";"Dzongkha";"27.5,90.5"
"Bouvet Island,Bouvet Island,Bouvetøya,Bouvetøya";"BV";"BVT";"NOK";"";"Norwegian";"-54.43333333,3.4"
"Botswana,Republic of Botswana,Republic of Botswana,Botswana,Lefatshe la Botswana,Botswana";"BW";"BWA";"BWP";"267";"English,Tswana";"-22,24"
"Central African Republic,Central African Republic,République centrafricaine,République centrafricaine,Ködörösêse tî Bêafrîka,Bêafrîka";"CF";"CAF";"XAF";"236";"French,Sango";"7,21"
"Canada,Canada,Canada,Canada,Canada,Canada";"CA";"CAN";"CAD";"1";"English,French";"60,-95"
"Cocos (Keeling) Islands,Territory of the Cocos (Keeling) Islands,Territory of the Cocos (Keeling) Islands,Cocos (Keeling) Islands";"CC";"CCK";"AUD";"61";"English";"-12.5,96.83333333"
"Switzerland,Swiss Confederation,Confédération suisse,Suisse,Schweizerische Eidgenossenschaft,Schweiz,Confederazione Svizzera,Svizzera,Confederaziun svizra,Svizra";"CH";"CHE";"CHE,CHF,CHW";"41";"French,Swiss German,Italian,Romansh";"47,8"
"Chile,Republic of Chile,República de Chile,Chile";"CL";"CHL";"CLF,CLP";"56";"Spanish";"-30,-71"
"China,People's Republic of China,中华人民共和国,中国";"CN";"CHN";"CNY";"86";"Chinese";"35,105"
"Ivory Coast,Republic of Côte d'Ivoire,République de Côte d'Ivoire,Côte d'Ivoire";"CI";"CIV";"XOF";"225";"French";"8,-5"
"Cameroon,Republic of Cameroon,Republic of Cameroon,Cameroon,République du Cameroun,Cameroun";"CM";"CMR";"XAF";"237";"English,French";"6,12"
"DR Congo,Democratic Republic of the Congo,République démocratique du Congo,RD Congo,Repubilika ya Kongo Demokratiki,Repubilika ya Kongo Demokratiki,Republiki ya Kongó Demokratiki,Republiki ya Kongó Demokratiki,Ditunga dia Kongu wa Mungalaata,Ditunga dia Kongu wa Mungalaata,Jamhuri ya Kidemokrasia ya Kongo,Jamhuri ya Kidemokrasia ya Kongo";"CD";"COD";"CDF";"243";"French,Kikongo,Lingala,Tshiluba,Swahili";"0,25"
"Republic of the Congo,Republic of the Congo,République du Congo,République du Congo,Repubilika ya Kongo,Repubilika ya Kongo,Republíki ya Kongó,Republíki ya Kongó";"CG";"COG";"XAF";"242";"French,Kikongo,Lingala";"-1,15"
"Cook Islands,Cook Islands,Cook Islands,Cook Islands,Kūki 'Āirani,Kūki 'Āirani";"CK";"COK";"NZD";"682";"English,Cook Islands Māori";"-21.23333333,-159.76666666"
"Colombia,Republic of Colombia,República de Colombia,Colombia";"CO";"COL";"COP";"57";"Spanish";"4,-72"
"Comoros,Union of the Comoros,الاتحاد القمري,القمر‎,Union des Comores,Comores,Udzima wa Komori,Komori";"KM";"COM";"KMF";"269";"Arabic,French,Comorian";"-12.16666666,44.25"
"Cape Verde,Republic of Cabo Verde,República de Cabo Verde,Cabo Verde";"CV";"CPV";"CVE";"238";"Portuguese";"16,-24"
"Costa Rica,Republic of Costa Rica,República de Costa Rica,Costa Rica";"CR";"CRI";"CRC";"506";"Spanish";"10,-84"
"Cuba,Republic of Cuba,República de Cuba,Cuba";"CU";"CUB";"CUC,CUP";"53";"Spanish";"21.5,-80"
"Curaçao,Country of Curaçao,Country of Curaçao,Curaçao,Land Curaçao,Curaçao,Pais Kòrsou,Pais Kòrsou";"CW";"CUW";"ANG";"5999";"English,Dutch,Papiamento";"12.116667,-68.933333"
"Christmas Island,Territory of Christmas Island,Territory of Christmas Island,Christmas Island";"CX";"CXR";"AUD";"61";"English";"-10.5,105.66666666"
"Cayman Islands,Cayman Islands,Cayman Islands,Cayman Islands";"KY";"CYM";"KYD";"1345";"English";"19.5,-80.5"
"Cyprus,Republic of Cyprus,Δημοκρατία της Κύπρος,Κύπρος,Kıbrıs Cumhuriyeti,Kıbrıs";"CY";"CYP";"EUR";"357";"Greek,Turkish";"35,33"
"Czechia,Czech Republic,česká republika,Česko,Česká republika,Česko";"CZ";"CZE";"CZK";"420";"Czech,Slovak";"49.75,15.5"
"Germany,Federal Republic of Germany,Bundesrepublik Deutschland,Deutschland";"DE";"DEU";"EUR";"49";"German";"51,9"
"Djibouti,Republic of Djibouti,جمهورية جيبوتي,جيبوتي‎,République de Djibouti,Djibouti";"DJ";"DJI";"DJF";"253";"Arabic,French";"11.5,43"
"Dominica,Commonwealth of Dominica,Commonwealth of Dominica,Dominica";"DM";"DMA";"XCD";"1767";"English";"15.41666666,-61.33333333"
"Denmark,Kingdom of Denmark,Kongeriget Danmark,Danmark";"DK";"DNK";"DKK";"45";"Danish";"56,10"
"Dominican Republic,Dominican Republic,República Dominicana,República Dominicana";"DO";"DOM";"DOP";"1809,1829,1849";"Spanish";"19,-70.66666666"
"Algeria,People's Democratic Republic of Algeria,الجمهورية الديمقراطية الشعبية الجزائرية,الجزائر";"DZ";"DZA";"DZD";"213";"Arabic";"28,3"
"Ecuador,Republic of Ecuador,República del Ecuador,Ecuador";"EC";"ECU";"USD";"593";"Spanish";"-2,-77.5"
"Egypt,Arab Republic of Egypt,جمهورية مصر العربية,مصر";"EG";"EGY";"EGP";"20";"Arabic";"27,30"
"Eritrea,State of Eritrea,دولة إرتريا,إرتريا‎,State of Eritrea,Eritrea,ሃገረ ኤርትራ,ኤርትራ";"ER";"ERI";"ERN";"291";"Arabic,English,Tigrinya";"15,39"
"Western Sahara,Sahrawi Arab Democratic Republic,Sahrawi Arab Democratic Republic,Western Sahara,الجمهورية العربية الصحراوية الديمقراطية,الصحراء الغربية,República Árabe Saharaui Democrática,Sahara Occidental";"EH";"ESH";"MAD,DZD,MRO";"212";"Berber,Hassaniya,Spanish";"24.5,-13"
"Spain,Kingdom of Spain,Regne d'Espanya,Espanya,Espainiako Erresuma,Espainia,Reino de España,Reialme d'Espanha,Espanha,Reino de España,España";"ES";"ESP";"EUR";"34";"Catalan,Basque,Galician,Occitan,Spanish";"40,-4"
"Estonia,Republic of Estonia,Eesti Vabariik,Eesti";"EE";"EST";"EUR";"372";"Estonian";"59,26"
"Ethiopia,Federal Democratic Republic of Ethiopia,የኢትዮጵያ ፌዴራላዊ ዲሞክራሲያዊ ሪፐብሊክ,ኢትዮጵያ";"ET";"ETH";"ETB";"251";"Amharic";"8,38"
"Finland,Republic of Finland,Suomen tasavalta,Suomi,Republiken Finland,Finland";"FI";"FIN";"EUR";"358";"Finnish,Swedish";"64,26"
"Fiji,Republic of Fiji,Republic of Fiji,Fiji,Matanitu Tugalala o Viti,Viti,रिपब्लिक ऑफ फीजी,फिजी";"FJ";"FJI";"FJD";"679";"English,Fijian,Fiji Hindi";"-18,175"
"Falkland Islands,Falkland Islands,Falkland Islands,Falkland Islands";"FK";"FLK";"FKP";"500";"English";"-51.75,-59"
"France,French Republic,République française,France";"FR";"FRA";"EUR";"33";"French";"46,2"
"Faroe Islands,Faroe Islands,Færøerne,Færøerne,Føroyar,Føroyar";"FO";"FRO";"DKK";"298";"Danish,Faroese";"62,-7"
"Micronesia,Federated States of Micronesia,Federated States of Micronesia,Micronesia";"FM";"FSM";"USD";"691";"English";"6.91666666,158.25"
"Gabon,Gabonese Republic,République gabonaise,Gabon";"GA";"GAB";"XAF";"241";"French";"-1,11.75"
"United Kingdom,United Kingdom of Great Britain and Northern Ireland,United Kingdom of Great Britain and Northern Ireland,United Kingdom";"GB";"GBR";"GBP";"44";"English";"54,-2"
"Georgia,Georgia,საქართველო,საქართველო";"GE";"GEO";"GEL";"995";"Georgian";"42,43.5"
"Guernsey,Bailiwick of Guernsey,Bailiwick of Guernsey,Guernsey,Bailliage de Guernesey,Guernesey,Dgèrnésiais,Dgèrnésiais";"GG";"GGY";"GBP";"44";"English,French,Guernésiais";"49.46666666,-2.58333333"
"Ghana,Republic of Ghana,Republic of Ghana,Ghana";"GH";"GHA";"GHS";"233";"English";"8,-2"
"Gibraltar,Gibraltar,Gibraltar,Gibraltar";"GI";"GIB";"GIP";"350";"English";"36.13333333,-5.35"
"Guinea,Republic of Guinea,République de Guinée,Guinée";"GN";"GIN";"GNF";"224";"French";"11,-10"
"Guadeloupe,Guadeloupe,Guadeloupe,Guadeloupe";"GP";"GLP";"EUR";"590";"French";"16.25,-61.583333"
"Gambia,Republic of the Gambia,Republic of the Gambia,Gambia";"GM";"GMB";"GMD";"220";"English";"13.46666666,-16.56666666"
"Guinea-Bissau,Republic of Guinea-Bissau,República da Guiné-Bissau,Guiné-Bissau";"GW";"GNB";"XOF";"245";"Portuguese";"12,-15"
"Equatorial Guinea,Republic of Equatorial Guinea,République de la Guinée Équatoriale,Guinée équatoriale,República da Guiné Equatorial,Guiné Equatorial,República de Guinea Ecuatorial,Guinea Ecuatorial";"GQ";"GNQ";"XAF";"240";"French,Portuguese,Spanish";"2,10"
"Greece,Hellenic Republic,Ελληνική Δημοκρατία,Ελλάδα";"GR";"GRC";"EUR";"30";"Greek";"39,22"
"Grenada,Grenada,Grenada,Grenada";"GD";"GRD";"XCD";"1473";"English";"12.11666666,-61.66666666"
"Greenland,Greenland,Kalaallit Nunaat,Kalaallit Nunaat";"GL";"GRL";"DKK";"299";"Greenlandic";"72,-40"
"Guatemala,Republic of Guatemala,República de Guatemala,Guatemala";"GT";"GTM";"GTQ";"502";"Spanish";"15.5,-90.25"
"French Guiana,Guiana,Guyanes,Guyane française";"GF";"GUF";"EUR";"594";"French";"4,-53"
"Guam,Guam,Guåhån,Guåhån,Guam,Guam,Guam,Guam";"GU";"GUM";"USD";"1671";"Chamorro,English,Spanish";"13.46666666,144.78333333"
"Guyana,Co-operative Republic of Guyana,Co-operative Republic of Guyana,Guyana";"GY";"GUY";"GYD";"592";"English";"5,-59"
"Hong Kong,Hong Kong Special Administrative Region of the People's Republic of China,Hong Kong Special Administrative Region of the People's Republic of China,Hong Kong,中华人民共和国香港特别行政区,香港";"HK";"HKG";"HKD";"852";"English,Chinese";"22.267,114.188"
"Heard Island and McDonald Islands,Heard Island and McDonald Islands,Heard Island and McDonald Islands,Heard Island and McDonald Islands";"HM";"HMD";"AUD";"";"English";"-53.1,72.51666666"
"Honduras,Republic of Honduras,República de Honduras,Honduras";"HN";"HND";"HNL";"504";"Spanish";"15,-86.5"
"Croatia,Republic of Croatia,Republika Hrvatska,Hrvatska";"HR";"HRV";"HRK";"385";"Croatian";"45.16666666,15.5"
"Haiti,Republic of Haiti,République d'Haïti,Haïti,Repiblik Ayiti,Ayiti";"HT";"HTI";"HTG,USD";"509";"French,Haitian Creole";"19,-72.41666666"
"Hungary,Hungary,Magyarország,Magyarország";"HU";"HUN";"HUF";"36";"Hungarian";"47,20"
"Indonesia,Republic of Indonesia,Republik Indonesia,Indonesia";"ID";"IDN";"IDR";"62";"Indonesian";"-5,120"
"Isle of Man,Isle of Man,Isle of Man,Isle of Man,Ellan Vannin or Mannin,Mannin";"IM";"IMN";"GBP";"44";"English,Manx";"54.25,-4.5"
"India,Republic of India,Republic of India,India,भारत गणराज्य,भारत,இந்தியக் குடியரசு,இந்தியா";"IN";"IND";"INR";"91";"English,Hindi,Tamil";"20,77"
"British Indian Ocean Territory,British Indian Ocean Territory,British Indian Ocean Territory,British Indian Ocean Territory";"IO";"IOT";"USD";"246";"English";"-6,71.5"
"Ireland,Republic of Ireland,Republic of Ireland,Ireland,Poblacht na hÉireann,Éire";"IE";"IRL";"EUR";"353";"English,Irish";"53,-8"
"Iran,Islamic Republic of Iran,جمهوری اسلامی ایران,ایران";"IR";"IRN";"IRR";"98";"Persian";"32,53"
"Iraq,Republic of Iraq,جمهورية العراق,العراق,ܩܘܼܛܢܵܐ ܐܝܼܪܲܩ,ܩܘܼܛܢܵܐ,کۆماری عێراق,کۆماری";"IQ";"IRQ";"IQD";"964";"Arabic,Aramaic,Sorani";"33,44"
"Iceland,Iceland,Ísland,Ísland";"IS";"ISL";"ISK";"354";"Icelandic";"65,-18"
"Israel,State of Israel,دولة إسرائيل,إسرائيل,מדינת ישראל,ישראל";"IL";"ISR";"ILS";"972";"Arabic,Hebrew";"31.47,35.13"
"Italy,Italian Republic,Italienische Republik,Italien,Repubblica italiana,Italia,Repubbricanu Italia,Italia";"IT";"ITA";"EUR";"39";"Austro-Bavarian German,Italian,Sardinian";"42.83333333,12.83333333"
"Jamaica,Jamaica,Jamaica,Jamaica,Jamaica,Jamaica";"JM";"JAM";"JMD";"1876";"English,Jamaican Patois";"18.25,-77.5"
"Jersey,Bailiwick of Jersey,Bailiwick of Jersey,Jersey,Bailliage de Jersey,Jersey,Bailliage dé Jèrri,Jèrri";"JE";"JEY";"GBP";"44";"English,French,Jèrriais";"49.25,-2.16666666"
"Jordan,Hashemite Kingdom of Jordan,المملكة الأردنية الهاشمية,الأردن";"JO";"JOR";"JOD";"962";"Arabic";"31,36"
"Japan,Japan,日本,日本";"JP";"JPN";"JPY";"81";"Japanese";"36,138"
"Kazakhstan,Republic of Kazakhstan,Қазақстан Республикасы,Қазақстан,Республика Казахстан,Казахстан";"KZ";"KAZ";"KZT";"76,77";"Kazakh,Russian";"48,68"
"Kenya,Republic of Kenya,Republic of Kenya,Kenya,Republic of Kenya,Kenya";"KE";"KEN";"KES";"254";"English,Swahili";"1,38"
"Kyrgyzstan,Kyrgyz Republic,Кыргыз Республикасы,Кыргызстан,Кыргызская Республика,Киргизия";"KG";"KGZ";"KGS";"996";"Kyrgyz,Russian";"41,75"
"Cambodia,Kingdom of Cambodia,ព្រះរាជាណាចក្រកម្ពុជា,Kâmpŭchéa";"KH";"KHM";"KHR";"855";"Khmer";"13,105"
"Kiribati,Independent and Sovereign Republic of Kiribati,Independent and Sovereign Republic of Kiribati,Kiribati,Ribaberiki Kiribati,Kiribati";"KI";"KIR";"AUD";"686";"English,Gilbertese";"1.41666666,173"
"Saint Kitts and Nevis,Federation of Saint Christopher and Nevisa,Federation of Saint Christopher and Nevisa,Saint Kitts and Nevis";"KN";"KNA";"XCD";"1869";"English";"17.33333333,-62.75"
"South Korea,Republic of Korea,한국,대한민국";"KR";"KOR";"KRW";"82";"Korean";"37,127.5"
"Kosovo,Republic of Kosovo,Republika e Kosovës,Kosova,Република Косово,Косово";"XK";"UNK";"EUR";"383";"Albanian,Serbian";"42.666667,21.166667"
"Kuwait,State of Kuwait,دولة الكويت,الكويت";"KW";"KWT";"KWD";"965";"Arabic";"29.5,45.75"
"Laos,Lao People's Democratic Republic,ສາທາລະນະ ຊາທິປະໄຕ ຄົນລາວ ຂອງ,ສປປລາວ";"LA";"LAO";"LAK";"856";"Lao";"18,105"
"Lebanon,Lebanese Republic,الجمهورية اللبنانية,لبنان,République libanaise,Liban";"LB";"LBN";"LBP";"961";"Arabic,French";"33.83333333,35.83333333"
"Liberia,Republic of Liberia,Republic of Liberia,Liberia";"LR";"LBR";"LRD";"231";"English";"6.5,-9.5"
"Libya,State of Libya,الدولة ليبيا,‏ليبيا";"LY";"LBY";"LYD";"218";"Arabic";"25,17"
"Saint Lucia,Saint Lucia,Saint Lucia,Saint Lucia";"LC";"LCA";"XCD";"1758";"English";"13.88333333,-60.96666666"
"Liechtenstein,Principality of Liechtenstein,Fürstentum Liechtenstein,Liechtenstein";"LI";"LIE";"CHF";"423";"German";"47.26666666,9.53333333"
"Sri Lanka,Democratic Socialist Republic of Sri Lanka,ශ්‍රී ලංකා ප්‍රජාතාන්ත්‍රික සමාජවාදී ජනරජය,ශ්‍රී ලංකාව,இலங்கை சனநாயக சோசலிசக் குடியரசு,இலங்கை";"LK";"LKA";"LKR";"94";"Sinhala,Tamil";"7,81"
"Lesotho,Kingdom of Lesotho,Kingdom of Lesotho,Lesotho,Kingdom of Lesotho,Lesotho";"LS";"LSO";"LSL,ZAR";"266";"English,Sotho";"-29.5,28.5"
"Lithuania,Republic of Lithuania,Lietuvos Respublikos,Lietuva";"LT";"LTU";"EUR";"370";"Lithuanian";"56,24"
"Luxembourg,Grand Duchy of Luxembourg,Großherzogtum Luxemburg,Luxemburg,Grand-Duché de Luxembourg,Luxembourg,Groussherzogtum Lëtzebuerg,Lëtzebuerg";"LU";"LUX";"EUR";"352";"German,French,Luxembourgish";"49.75,6.16666666"
"Latvia,Republic of Latvia,Latvijas Republikas,Latvija";"LV";"LVA";"EUR";"371";"Latvian";"57,25"
"Macau,Macao Special Administrative Region of the People's Republic of China,Região Administrativa Especial de Macau da República Popular da China,Macau,中华人民共和国澳门特别行政区,澳门";"MO";"MAC";"MOP";"853";"Portuguese,Chinese";"22.16666666,113.55"
"Saint Martin,Saint Martin,Saint-Martin,Saint-Martin";"MF";"MAF";"EUR";"590";"French";"18.08333333,-63.95"
"Morocco,Kingdom of Morocco,المملكة المغربية,المغرب,ⵜⴰⴳⵍⴷⵉⵜ ⵏ ⵍⵎⵖⵔⵉⴱ,ⵍⵎⴰⵖⵔⵉⴱ";"MA";"MAR";"MAD";"212";"Arabic,Berber";"32,-5"
"Monaco,Principality of Monaco,Principauté de Monaco,Monaco";"MC";"MCO";"EUR";"377";"French";"43.73333333,7.4"
"Moldova,Republic of Moldova,Republica Moldova,Moldova";"MD";"MDA";"MDL";"373";"Moldavian";"47,29"
"Madagascar,Republic of Madagascar,République de Madagascar,Madagascar,Repoblikan'i Madagasikara,Madagasikara";"MG";"MDG";"MGA";"261";"French,Malagasy";"-20,47"
"Maldives,Republic of the Maldives,ދިވެހިރާއްޖޭގެ ޖުމްހޫރިއްޔާ,ދިވެހިރާއްޖޭގެ";"MV";"MDV";"MVR";"960";"Maldivian";"3.25,73"
"Mexico,United Mexican States,Estados Unidos Mexicanos,México";"MX";"MEX";"MXN";"52";"Spanish";"23,-102"
"Marshall Islands,Republic of the Marshall Islands,Republic of the Marshall Islands,Marshall Islands,Republic of the Marshall Islands,M̧ajeļ";"MH";"MHL";"USD";"692";"English,Marshallese";"9,168"
"Macedonia,Republic of Macedonia,Република Македонија,Македонија";"MK";"MKD";"MKD";"389";"Macedonian";"41.83333333,22"
"Mali,Republic of Mali,République du Mali,Mali";"ML";"MLI";"XOF";"223";"French";"17,-4"
"Malta,Republic of Malta,Republic of Malta,Malta,Repubblika ta ' Malta,Malta";"MT";"MLT";"EUR";"356";"English,Maltese";"35.83333333,14.58333333"
"Myanmar,Republic of the Union of Myanmar,ပြည်ထောင်စု သမ္မတ မြန်မာနိုင်ငံတော်,မြန်မာ";"MM";"MMR";"MMK";"95";"Burmese";"22,98"
"Montenegro,Montenegro,Црна Гора,Црна Гора";"ME";"MNE";"EUR";"382";"Montenegrin";"42.5,19.3"
"Mongolia,Mongolia,Монгол улс,Монгол улс";"MN";"MNG";"MNT";"976";"Mongolian";"46,105"
"Northern Mariana Islands,Commonwealth of the Northern Mariana Islands,Commonwealth of the Northern Mariana Islands,Northern Mariana Islands,Sankattan Siha Na Islas Mariånas,Na Islas Mariånas,Commonwealth of the Northern Mariana Islands,Northern Mariana Islands";"MP";"MNP";"USD";"1670";"Carolinian,Chamorro,English";"15.2,145.75"
"Mozambique,Republic of Mozambique,República de Moçambique,Moçambique";"MZ";"MOZ";"MZN";"258";"Portuguese";"-18.25,35"
"Mauritania,Islamic Republic of Mauritania,الجمهورية الإسلامية الموريتانية,موريتانيا";"MR";"MRT";"MRO";"222";"Arabic";"20,-12"
"Montserrat,Montserrat,Montserrat,Montserrat";"MS";"MSR";"XCD";"1664";"English";"16.75,-62.2"
"Martinique,Martinique,Martinique,Martinique";"MQ";"MTQ";"EUR";"596";"French";"14.666667,-61"
"Mauritius,Republic of Mauritius,Republic of Mauritius,Mauritius,République de Maurice,Maurice,Republik Moris,Moris";"MU";"MUS";"MUR";"230";"English,French,Mauritian Creole";"-20.28333333,57.55"
"Malawi,Republic of Malawi,Republic of Malawi,Malawi,Chalo cha Malawi, Dziko la Malaŵi,Malaŵi";"MW";"MWI";"MWK";"265";"English,Chewa";"-13.5,34"
"Malaysia,Malaysia,Malaysia,Malaysia,مليسيا,مليسيا";"MY";"MYS";"MYR";"60";"English,Malay";"2.5,112.5"
"Mayotte,Department of Mayotte,Département de Mayotte,Mayotte";"YT";"MYT";"EUR";"262";"French";"-12.83333333,45.16666666"
"Namibia,Republic of Namibia,Republiek van Namibië,Namibië,Republik Namibia,Namibia,Republic of Namibia,Namibia,Republic of Namibia,Namibia,Republic of Namibia,Namibia,Republic of Namibia,Namibia,Republic of Namibia,Namibia,Republic of Namibia,Namibia,Lefatshe la Namibia,Namibia";"NA";"NAM";"NAD,ZAR";"264";"Afrikaans,German,English,Herero,Khoekhoe,Kwangali,Lozi,Ndonga,Tswana";"-22,17"
"New Caledonia,New Caledonia,Nouvelle-Calédonie,Nouvelle-Calédonie";"NC";"NCL";"XPF";"687";"French";"-21.5,165.5"
"Niger,Republic of Niger,République du Niger,Niger";"NE";"NER";"XOF";"227";"French";"16,8"
"Norfolk Island,Territory of Norfolk Island,Territory of Norfolk Island,Norfolk Island,Teratri of Norf'k Ailen,Norf'k Ailen";"NF";"NFK";"AUD";"672";"English,Norfuk";"-29.03333333,167.95"
"Nigeria,Federal Republic of Nigeria,Federal Republic of Nigeria,Nigeria";"NG";"NGA";"NGN";"234";"English";"10,8"
"Nicaragua,Republic of Nicaragua,República de Nicaragua,Nicaragua";"NI";"NIC";"NIO";"505";"Spanish";"13,-85"
"Niue,Niue,Niue,Niue,Niuē,Niuē";"NU";"NIU";"NZD";"683";"English,Niuean";"-19.03333333,-169.86666666"
"Netherlands,Netherlands,Nederland,Nederland";"NL";"NLD";"EUR";"31";"Dutch";"52.5,5.75"
"Norway,Kingdom of Norway,Kongeriket Noreg,Noreg,Kongeriket Norge,Norge,Norgga gonagasriika,Norgga";"NO";"NOR";"NOK";"47";"Norwegian Nynorsk,Norwegian Bokmål,Sami";"62,10"
"Nepal,Federal Democratic Republic of Nepal,नेपाल संघीय लोकतान्त्रिक गणतन्त्र,नेपाल";"NP";"NPL";"NPR";"977";"Nepali";"28,84"
"Nauru,Republic of Nauru,Republic of Nauru,Nauru,Republic of Nauru,Nauru";"NR";"NRU";"AUD";"674";"English,Nauru";"-0.53333333,166.91666666"
"New Zealand,New Zealand,New Zealand,New Zealand,Aotearoa,Aotearoa,New Zealand,New Zealand";"NZ";"NZL";"NZD";"64";"English,Māori,New Zealand Sign Language";"-41,174"
"Oman,Sultanate of Oman,سلطنة عمان,عمان";"OM";"OMN";"OMR";"968";"Arabic";"21,57"
"Pakistan,Islamic Republic of Pakistan,Islamic Republic of Pakistan,Pakistan,اسلامی جمہوریۂ پاكستان,پاكستان";"PK";"PAK";"PKR";"92";"English,Urdu";"30,70"
"Panama,Republic of Panama,República de Panamá,Panamá";"PA";"PAN";"PAB,USD";"507";"Spanish";"9,-80"
"Pitcairn Islands,Pitcairn Group of Islands,Pitcairn Group of Islands,Pitcairn Islands";"PN";"PCN";"NZD";"64";"English";"-25.06666666,-130.1"
"Peru,Republic of Peru,Piruw Suyu,Piruw,Piruw Ripuwlika,Piruw,República del Perú,Perú";"PE";"PER";"PEN";"51";"Aymara,Quechua,Spanish";"-10,-76"
"Philippines,Republic of the Philippines,Republic of the Philippines,Philippines,Republic of the Philippines,Pilipinas";"PH";"PHL";"PHP";"63";"English,Filipino";"13,122"
"Palau,Republic of Palau,Republic of Palau,Palau,Beluu er a Belau,Belau";"PW";"PLW";"USD";"680";"English,Palauan";"7.5,134.5"
"Papua New Guinea,Independent State of Papua New Guinea,Independent State of Papua New Guinea,Papua New Guinea,Independen Stet bilong Papua Niugini,Papua Niu Gini,Independen Stet bilong Papua Niugini,Papua Niugini";"PG";"PNG";"PGK";"675";"English,Hiri Motu,Tok Pisin";"-6,147"
"Poland,Republic of Poland,Rzeczpospolita Polska,Polska";"PL";"POL";"PLN";"48";"Polish";"52,20"
"Puerto Rico,Commonwealth of Puerto Rico,Commonwealth of Puerto Rico,Puerto Rico,Estado Libre Asociado de Puerto Rico,Puerto Rico";"PR";"PRI";"USD";"1787,1939";"English,Spanish";"18.25,-66.5"
"North Korea,Democratic People's Republic of Korea,조선 민주주의 인민 공화국,북한";"KP";"PRK";"KPW";"850";"Korean";"40,127"
"Portugal,Portuguese Republic,República português,Portugal";"PT";"PRT";"EUR";"351";"Portuguese";"39.5,-8"
"Paraguay,Republic of Paraguay,Tetã Paraguái,Paraguái,República de Paraguay,Paraguay";"PY";"PRY";"PYG";"595";"Guaraní,Spanish";"-23,-58"
"Palestine,State of Palestine,دولة فلسطين,فلسطين";"PS";"PSE";"ILS";"970";"Arabic";"31.9,35.2"
"French Polynesia,French Polynesia,Polynésie française,Polynésie française";"PF";"PYF";"XPF";"689";"French";"-15,-140"
"Qatar,State of Qatar,دولة قطر,قطر";"QA";"QAT";"QAR";"974";"Arabic";"25.5,51.25"
"Réunion,Réunion Island,Ile de la Réunion,La Réunion";"RE";"REU";"EUR";"262";"French";"-21.15,55.5"
"Romania,Romania,România,România";"RO";"ROU";"RON";"40";"Romanian";"46,25"
"Russia,Russian Federation,Российская Федерация,Россия";"RU";"RUS";"RUB";"7";"Russian";"60,100"
"Rwanda,Republic of Rwanda,Republic of Rwanda,Rwanda,République rwandaise,Rwanda,Repubulika y'u Rwanda,Rwanda";"RW";"RWA";"RWF";"250";"English,French,Kinyarwanda";"-2,30"
"Saudi Arabia,Kingdom of Saudi Arabia,المملكة العربية السعودية,العربية السعودية";"SA";"SAU";"SAR";"966";"Arabic";"25,45"
"Sudan,Republic of the Sudan,جمهورية السودان,السودان,Republic of the Sudan,Sudan";"SD";"SDN";"SDG";"249";"Arabic,English";"15,30"
"Senegal,Republic of Senegal,République du Sénégal,Sénégal";"SN";"SEN";"XOF";"221";"French";"14,-14"
"Singapore,Republic of Singapore,新加坡共和国,新加坡,Republic of Singapore,Singapore,Republik Singapura,Singapura,சிங்கப்பூர் குடியரசு,சிங்கப்பூர்";"SG";"SGP";"SGD";"65";"Chinese,English,Malay,Tamil";"1.36666666,103.8"
"South Georgia,South Georgia and the South Sandwich Islands,South Georgia and the South Sandwich Islands,South Georgia";"GS";"SGS";"GBP";"500";"English";"-54.5,-37"
"Svalbard and Jan Mayen,Svalbard og Jan Mayen,Svalbard og Jan Mayen,Svalbard og Jan Mayen";"SJ";"SJM";"NOK";"4779";"Norwegian";"78,20"
"Solomon Islands,Solomon Islands,Solomon Islands,Solomon Islands";"SB";"SLB";"SBD";"677";"English";"-8,159"
"Sierra Leone,Republic of Sierra Leone,Republic of Sierra Leone,Sierra Leone";"SL";"SLE";"SLL";"232";"English";"8.5,-11.5"
"El Salvador,Republic of El Salvador,República de El Salvador,El Salvador";"SV";"SLV";"SVC,USD";"503";"Spanish";"13.83333333,-88.91666666"
"San Marino,Most Serene Republic of San Marino,Serenissima Repubblica di San Marino,San Marino";"SM";"SMR";"EUR";"378";"Italian";"43.76666666,12.41666666"
"Somalia,Federal Republic of Somalia,جمهورية الصومال‎‎,الصومال‎‎,Jamhuuriyadda Federaalka Soomaaliya,Soomaaliya";"SO";"SOM";"SOS";"252";"Arabic,Somali";"10,49"
"Saint Pierre and Miquelon,Saint Pierre and Miquelon,Collectivité territoriale de Saint-Pierre-et-Miquelon,Saint-Pierre-et-Miquelon";"PM";"SPM";"EUR";"508";"French";"46.83333333,-56.33333333"
"Serbia,Republic of Serbia,Република Србија,Србија";"RS";"SRB";"RSD";"381";"Serbian";"44,21"
"South Sudan,Republic of South Sudan,Republic of South Sudan,South Sudan";"SS";"SSD";"SSP";"211";"English";"7,30"
"São Tomé and Príncipe,Democratic Republic of São Tomé and Príncipe,República Democrática do São Tomé e Príncipe,São Tomé e Príncipe";"ST";"STP";"STD";"239";"Portuguese";"1,7"
"Suriname,Republic of Suriname,Republiek Suriname,Suriname";"SR";"SUR";"SRD";"597";"Dutch";"4,-56"
"Slovakia,Slovak Republic,Slovenská republika,Slovensko";"SK";"SVK";"EUR";"421";"Slovak";"48.66666666,19.5"
"Slovenia,Republic of Slovenia,Republika Slovenija,Slovenija";"SI";"SVN";"EUR";"386";"Slovene";"46.11666666,14.81666666"
"Sweden,Kingdom of Sweden,Konungariket Sverige,Sverige";"SE";"SWE";"SEK";"46";"Swedish";"62,15"
"Swaziland,Kingdom of Swaziland,Kingdom of Swaziland,Swaziland,Kingdom of Swaziland,Swaziland";"SZ";"SWZ";"SZL";"268";"English,Swazi";"-26.5,31.5"
"Sint Maarten,Sint Maarten,Sint Maarten,Sint Maarten,Saint-Martin,Saint-Martin,Sint Maarten,Sint Maarten";"SX";"SXM";"ANG";"1721";"English,French,Dutch";"18.033333,-63.05"
"Seychelles,Republic of Seychelles,Repiblik Sesel,Sesel,Republic of Seychelles,Seychelles,République des Seychelles,Seychelles";"SC";"SYC";"SCR";"248";"Seychellois Creole,English,French";"-4.58333333,55.66666666"
"Syria,Syrian Arab Republic,الجمهورية العربية السورية,سوريا";"SY";"SYR";"SYP";"963";"Arabic";"35,38"
"Turks and Caicos Islands,Turks and Caicos Islands,Turks and Caicos Islands,Turks and Caicos Islands";"TC";"TCA";"USD";"1649";"English";"21.75,-71.58333333"
"Chad,Republic of Chad,جمهورية تشاد,تشاد‎,République du Tchad,Tchad";"TD";"TCD";"XAF";"235";"Arabic,French";"15,19"
"Togo,Togolese Republic,République togolaise,Togo";"TG";"TGO";"XOF";"228";"French";"8,1.16666666"
"Thailand,Kingdom of Thailand,ราชอาณาจักรไทย,ประเทศไทย";"TH";"THA";"THB";"66";"Thai";"15,100"
"Tajikistan,Republic of Tajikistan,Республика Таджикистан,Таджикистан,Ҷумҳурии Тоҷикистон,Тоҷикистон";"TJ";"TJK";"TJS";"992";"Russian,Tajik";"39,71"
"Tokelau,Tokelau,Tokelau,Tokelau,Tokelau,Tokelau,Tokelau,Tokelau";"TK";"TKL";"NZD";"690";"English,Samoan,Tokelauan";"-9,-172"
"Turkmenistan,Turkmenistan,Туркменистан,Туркмения,Türkmenistan,Türkmenistan";"TM";"TKM";"TMT";"993";"Russian,Turkmen";"40,60"
"Timor-Leste,Democratic Republic of Timor-Leste,República Democrática de Timor-Leste,Timor-Leste,Repúblika Demokrátika Timór-Leste,Timór-Leste";"TL";"TLS";"USD";"670";"Portuguese,Tetum";"-8.83333333,125.91666666"
"Tonga,Kingdom of Tonga,Kingdom of Tonga,Tonga,Kingdom of Tonga,Tonga";"TO";"TON";"TOP";"676";"English,Tongan";"-20,-175"
"Trinidad and Tobago,Republic of Trinidad and Tobago,Republic of Trinidad and Tobago,Trinidad and Tobago";"TT";"TTO";"TTD";"1868";"English";"11,-61"
"Tunisia,Tunisian Republic,الجمهورية التونسية,تونس";"TN";"TUN";"TND";"216";"Arabic";"34,9"
"Turkey,Republic of Turkey,Türkiye Cumhuriyeti,Türkiye";"TR";"TUR";"TRY";"90";"Turkish";"39,35"
"Tuvalu,Tuvalu,Tuvalu,Tuvalu,Tuvalu,Tuvalu";"TV";"TUV";"AUD";"688";"English,Tuvaluan";"-8,178"
"Taiwan,Republic of China (Taiwan),中华民国,臺灣";"TW";"TWN";"TWD";"886";"Chinese";"23.5,121"
"Tanzania,United Republic of Tanzania,United Republic of Tanzania,Tanzania,Jamhuri ya Muungano wa Tanzania,Tanzania";"TZ";"TZA";"TZS";"255";"English,Swahili";"-6,35"
"Uganda,Republic of Uganda,Republic of Uganda,Uganda,Republic of Uganda,Uganda";"UG";"UGA";"UGX";"256";"English,Swahili";"1,32"
"Ukraine,Ukraine,Украина,Украина,Україна,Україна";"UA";"UKR";"UAH";"380";"Russian,Ukrainian";"49,32"
"United States Minor Outlying Islands,United States Minor Outlying Islands,United States Minor Outlying Islands,United States Minor Outlying Islands";"UM";"UMI";"USD";"";"English";""
"Uruguay,Oriental Republic of Uruguay,República Oriental del Uruguay,Uruguay";"UY";"URY";"UYI,UYU";"598";"Spanish";"-33,-56"
"United States,United States of America,United States of America,United States";"US";"USA";"USD,USN,USS";"1";"English";"38,-97"
"Uzbekistan,Republic of Uzbekistan,Республика Узбекистан,Узбекистан,O'zbekiston Respublikasi,O‘zbekiston";"UZ";"UZB";"UZS";"998";"Russian,Uzbek";"41,64"
"Vatican City,Vatican City State,Stato della Città del Vaticano,Vaticano,Status Civitatis Vaticanæ,Vaticanæ";"VA";"VAT";"EUR";"3906698,379";"Italian,Latin";"41.9,12.45"
"Saint Vincent and the Grenadines,Saint Vincent and the Grenadines,Saint Vincent and the Grenadines,Saint Vincent and the Grenadines";"VC";"VCT";"XCD";"1784";"English";"13.25,-61.2"
"Venezuela,Bolivarian Republic of Venezuela,República Bolivariana de Venezuela,Venezuela";"VE";"VEN";"VEF";"58";"Spanish";"8,-66"
"British Virgin Islands,Virgin Islands,Virgin Islands,British Virgin Islands";"VG";"VGB";"USD";"1284";"English";"18.431383,-64.62305"
"United States Virgin Islands,Virgin Islands of the United States,Virgin Islands of the United States,United States Virgin Islands";"VI";"VIR";"USD";"1340";"English";"18.35,-64.933333"
"Vietnam,Socialist Republic of Vietnam,Cộng hòa xã hội chủ nghĩa Việt Nam,Việt Nam";"VN";"VNM";"VND";"84";"Vietnamese";"16.16666666,107.83333333"
"Vanuatu,Republic of Vanuatu,Ripablik blong Vanuatu,Vanuatu,Republic of Vanuatu,Vanuatu,République de Vanuatu,Vanuatu";"VU";"VUT";"VUV";"678";"Bislama,English,French";"-16,167"
"Wallis and Futuna,Territory of the Wallis and Futuna Islands,Territoire des îles Wallis et Futuna,Wallis et Futuna";"WF";"WLF";"XPF";"681";"French";"-13.3,-176.2"
"Samoa,Independent State of Samoa,Independent State of Samoa,Samoa,Malo Saʻoloto Tutoʻatasi o Sāmoa,Sāmoa";"WS";"WSM";"WST";"685";"English,Samoan";"-13.58333333,-172.33333333"
"Yemen,Republic of Yemen,الجمهورية اليمنية,اليَمَن";"YE";"YEM";"YER";"967";"Arabic";"15,48"
"South Africa,Republic of South Africa,Republiek van Suid-Afrika,South Africa,Republic of South Africa,South Africa,IRiphabliki yeSewula Afrika,Sewula Afrika,Rephaboliki ya Afrika-Borwa ,Afrika-Borwa,Rephaboliki ya Afrika Borwa,Afrika Borwa,IRiphabhulikhi yeNingizimu Afrika,Ningizimu Afrika,Rephaboliki ya Aforika Borwa,Aforika Borwa,Riphabliki ra Afrika Dzonga,Afrika Dzonga,Riphabuḽiki ya Afurika Tshipembe,Afurika Tshipembe,IRiphabliki yaseMzantsi Afrika,Mzantsi Afrika,IRiphabliki yaseNingizimu Afrika,Ningizimu Afrika";"ZA";"ZAF";"ZAR";"27";"Afrikaans,English,Southern Ndebele,Northern Sotho,Southern Sotho,Swazi,Tswana,Tsonga,Venda,Xhosa,Zulu";"-29,24"
"Zambia,Republic of Zambia,Republic of Zambia,Zambia";"ZM";"ZMB";"ZMW";"260";"English";"-15,30"
"Zimbabwe,Republic of Zimbabwe,Republic of Zimbabwe,Zimbabwe,Republic of Zimbabwe,Zimbabwe,Republic of Zimbabwe,Zimbabwe,Republic of Zimbabwe,Zimbabwe,Republic of Zimbabwe,Zimbabwe,Republic of Zimbabwe,Zimbabwe,Republic of Zimbabwe,Zimbabwe,Republic of Zimbabwe,Zimbabwe,Republic of Zimbabwe,Zimbabwe,Republic of Zimbabwe,Zimbabwe,Republic of Zimbabwe,Zimbabwe,Republic of Zimbabwe,Zimbabwe,Republic of Zimbabwe,Zimbabwe,Republic of Zimbabwe,Zimbabwe,Republic of Zimbabwe,Zimbabwe";"ZW";"ZWE";"ZWL";"263";"Chibarwe,English,Kalanga,Khoisan,Ndau,Northern Ndebele,Chewa,Shona,Sotho,Tonga,Tswana,Tsonga,Venda,Xhosa,Zimbabwean Sign Language";"-20,30"
